{
  "nsga_mean_hv": 0.0,
  "nsga_global_hv": 0.0,
  "coverage_gain_vs_greedy": -0.06621815608750126,
  "energy_delta_vs_greedy": -8.299135830711634
}