algorithm,coverage_pct,energy,makespan,hypervolume
Greedy,91.0211684363008,463.51474330769304,11152.257678165708,
NSGA-II,90.9549502802133,455.2156074769814,9017.12763540697,0.0
